{
  "layouts": [
    "ЙЦУКЕН (стандартная)",
    "Альтернативная раскладка",
    "русфон",
    "зубачев",
    "скоропись",
    "диктор",
    "Вызов"
  ],
  "by_length_comparison": {
    "2": {
      "layouts": [
        "ЙЦУКЕН (стандартная)",
        "Альтернативная раскладка",
        "русфон",
        "зубачев",
        "скоропись",
        "диктор",
        "Вызов"
      ],
      "comfortable": [
        32.964691563741404,
        17.841100615372554,
        31.38569745849254,
        14.69467174045335,
        14.378465484234088,
        14.3755925439364,
        19.76870218839698
      ],
      "partial": [
        12.61001402517218,
        11.276969910764446,
        19.92282237654845,
        8.715691216376804,
        8.031696366775229,
        8.034543189433847,
        9.600138945839852
      ],
      "uncomfortable": [
        54.42529441108641,
        70.88192947386301,
        48.691480164959,
        76.58963704316984,
        77.58983814899068,
        77.58986426662975,
        70.63115886576317
      ]
    },
    "3": {
      "layouts": [
        "ЙЦУКЕН (стандартная)",
        "Альтернативная раскладка",
        "русфон",
        "зубачев",
        "скоропись",
        "диктор",
        "Вызов"
      ],
      "comfortable": [
        0.5396689257041624,
        0.4607384861757509,
        1.8156931632565785,
        0.22934284557382364,
        0.8704501507520257,
        0.8704501507520257,
        0.7345011905253205
      ],
      "partial": [
        0.5509730847375311,
        0.10619306971280296,
        1.5940957599833965,
        0.17147631718872144,
        0.1507520256275453,
        0.1507520256275453,
        0.26845882445119507
      ],
      "uncomfortable": [
        98.90935798955832,
        99.43306844411146,
        96.59021107676003,
        99.59918083723745,
        98.97879782362043,
        98.97879782362043,
        98.99703998502348
      ]
    },
    "4": {
      "layouts": [
        "ЙЦУКЕН (стандартная)",
        "Альтернативная раскладка",
        "русфон",
        "зубачев",
        "скоропись",
        "диктор",
        "Вызов"
      ],
      "comfortable": [
        0.0014680499891993465,
        0.0012941271112634528,
        0.048934999639978216,
        0.0011185142774852164,
        0.055401410306689616,
        0.055401410306689616,
        0.022195517693847262
      ],
      "partial": [
        0.01436591775145075,
        0.0,
        0.040441281845324854,
        6.990714234282602e-05,
        3.495357117141301e-05,
        3.495357117141301e-05,
        0.0008738392792853253
      ],
      "uncomfortable": [
        99.98416603225935,
        99.99870587288873,
        99.9106237185147,
        99.99881157858017,
        99.94456363612214,
        99.94456363612214,
        99.97693064302686
      ]
    },
    "5": {
      "layouts": [
        "ЙЦУКЕН (стандартная)",
        "Альтернативная раскладка",
        "русфон",
        "зубачев",
        "скоропись",
        "диктор",
        "Вызов"
      ],
      "comfortable": [
        0.0006711260194299372,
        0.0006716480564184367,
        0.0006711260194299372,
        0.0006711260194299372,
        0.0006711260194299372,
        0.0006711260194299372,
        0.0006711260194299372
      ],
      "partial": [
        0.0,
        0.0,
        0.0,
        0.0,
        0.0,
        0.0,
        0.0
      ],
      "uncomfortable": [
        99.99932887398057,
        99.99932835194359,
        99.99932887398057,
        99.99932887398057,
        99.99932887398057,
        99.99932887398057,
        99.99932887398057
      ]
    }
  },
  "goodness_scores": [
    {
      "layout": "ЙЦУКЕН (стандартная)",
      "score": 0.6426229508196721,
      "normalized": 0.6087824351297405,
      "top_two_load": 44.26229508196721,
      "max_distance": 4
    },
    {
      "layout": "Альтернативная раскладка",
      "score": 0.6818181818181819,
      "normalized": 0.5945945945945946,
      "top_two_load": 43.18181818181818,
      "max_distance": 5
    },
    {
      "layout": "русфон",
      "score": 0.7035519125683061,
      "normalized": 0.5870088211708099,
      "top_two_load": 45.3551912568306,
      "max_distance": 5
    },
    {
      "layout": "зубачев",
      "score": 0.6486486486486487,
      "normalized": 0.6065573770491803,
      "top_two_load": 44.86486486486487,
      "max_distance": 4
    },
    {
      "layout": "скоропись",
      "score": 0.5942857142857143,
      "normalized": 0.6272401433691757,
      "top_two_load": 39.42857142857143,
      "max_distance": 4
    },
    {
      "layout": "диктор",
      "score": 0.6408602150537634,
      "normalized": 0.6094364351245085,
      "top_two_load": 44.086021505376344,
      "max_distance": 4
    },
    {
      "layout": "Вызов",
      "score": 0.6375,
      "normalized": 0.6106870229007634,
      "top_two_load": 43.75,
      "max_distance": 4
    }
  ],
  "overall_comfort": {
    "layouts": [
      "ЙЦУКЕН (стандартная)",
      "Альтернативная раскладка",
      "русфон",
      "зубачев",
      "скоропись",
      "диктор",
      "Вызов"
    ],
    "comfortable": [
      10.309990003803435,
      5.626165669882773,
      10.177679112346121,
      4.593040124989098,
      4.680689044199166,
      4.679803213519902,
      6.298433295701636
    ],
    "partial": [
      4.0397986007579645,
      3.506078767495826,
      6.581504515763478,
      2.7335526811155315,
      2.5170637161096283,
      2.517941493782717,
      3.032560800397947
    ],
    "uncomfortable": [
      85.6502113954386,
      90.8677555626214,
      83.2408163718904,
      92.67340719389537,
      92.8022472396912,
      92.80225529269738,
      90.66900590390041
    ]
  },
  "modifier_stats": [
    {
      "layout": "ЙЦУКЕН (стандартная)",
      "shift_percent": 50.68493150684932,
      "alt_percent": 0.0,
      "sequences_with_modifiers": 4.4904689853365225
    },
    {
      "layout": "Альтернативная раскладка",
      "shift_percent": 45.07042253521127,
      "alt_percent": 2.8169014084507045,
      "sequences_with_modifiers": 4.492199429406959
    },
    {
      "layout": "русфон",
      "shift_percent": 50.68493150684932,
      "alt_percent": 0.0,
      "sequences_with_modifiers": 4.838769555416883
    },
    {
      "layout": "зубачев",
      "shift_percent": 49.31506849315068,
      "alt_percent": 1.36986301369863,
      "sequences_with_modifiers": 4.652640423691203
    },
    {
      "layout": "скоропись",
      "shift_percent": 46.478873239436616,
      "alt_percent": 0.0,
      "sequences_with_modifiers": 4.489776426805462
    },
    {
      "layout": "диктор",
      "shift_percent": 49.31506849315068,
      "alt_percent": 2.73972602739726,
      "sequences_with_modifiers": 4.958211743006347
    },
    {
      "layout": "Вызов",
      "shift_percent": 42.465753424657535,
      "alt_percent": 6.8493150684931505,
      "sequences_with_modifiers": 11.006204599667749
    }
  ],
  "text_file": "1grams-3.txt",
  "total_words_analyzed": 3500000
}